[{"title":"Reborn As a Character That Never Existed","tags":["Drama","Fantasy","Manhwa","Romance"],"disc":["Read Reborn As a Character That Never Existed /원작에 없는 인물로 태어났습니다","“After meeting her death, Thalia is reborn as the female protagonist’s older sister, a character that never existed in the novel she wrote in her past life.\nShe tries hard to get attached to the world inside the novel, but she gets caught up in the thought that everything is just a mere creation of her own.","“Please make Tilly love me.”\nAegis, who was supposed to fall in love with Thalia’s younger sister, makes a wish to God on his coming-of-age birthday.","Will Thalia be able to love Aegis?”"]},{"title":"Beware of the Strongest Man Who is Crazy About Me","tags":["Drama","Fantasy","Manhwa","Romance"],"disc":["Read manhwa Beware of the Strongest Man Who is Crazy About Me / 내게 미친 세계관 최강자를 조심할 것"]},{"title":"Doberman","tags":["Drama","Manhwa","Mature","Romance"],"disc":["Read Doberman","Eden City, the second Las Vegas and a place where all pleasures of this world converge. Sarin comes to Eden City, trying to find the biological father of her niece, Hayan, using the diary of her twin sister, Irin, who died in a car accident. Along the way, Sarin encounters Owen, the king of Eden City. Though frightened by Owen’s forceful attitude and the strange gaze that seems to desire her, Sarin chooses to stay by his side for the sake of her niece, Hayan. As she gets closer to Owen, she starts to uncover the darkness that looms over Eden City. Despite this, staying by Owen’s side becomes more natural for Sarin. However, Sarin is also hiding a secret of her own.."]},{"title":"Why I Quit being the Demon King","tags":["Action","Adventure","Comedy","Fantasy","Manhwa"],"disc":["Read manhwa Why I Quit being the Demon King / The Reason Why I Quit Being the Demon King / 마왕을 그만둔 이유","In a time of chaos, the Demon King traversed through 665 realms before invading the human realm.\nIt was a brave hero who ceased the war. Thanks to their divine sacrifice, mankind barely managed to survive.\nBut that led to the story of the new Demon King. Meet Demon King Demiourgos, the 666th.\n“I quit being the Demon King,” he said, before leaving the demon realm. This is a story about a runaway Demon King and a hero who becomes his subordinate."]},{"title":"Chronicles Of The Martial God’s Return","tags":["Action","Adventure","Reincarnation"],"disc":["Read manhwa Chronicles Of The Martial God’s Return / Chronicles of a Returner / 무신귀환록 / Record of Return / The Return of the Immortals / Chronicles of the Martial God‘s Return / 러프 / 묘수","The sixth masterpiece of the Wuxia Genre that’ll meet your expectations, just like the [Third-rate Chronicles of Return], [The Conquer of the Heavenly Faction], and the [Chronicles of Seven Dragons and Seven Demons]. [Chronicles of the Martial God’s Return] The Ultimate Martial Divine Demon, Dan Woohyun, was sealed up because he was too strong for the world to handle. After a millennium passed by, he was released from his seal and felt like everything was meaningless as he wandered the back alleys… Just as he fell down because he was sick of the world, a small hand appeared in front of him. “What’s this?” asked Dan Woohyun. “A dumpling!” came a reply. This was the first time in his life that someone had been nice to him without any impure intentions, and that changed his fate. This is the chronicles of a martial god who traversed through a thousand years of time and space!"]},{"title":"The King Of Snow","tags":["Action","Adventure","Fantasy"],"disc":["Read The King Of Snow / 冰封末日：绝无生还之路 / Frozen Apocalypse: No Chance of Survival","The stars shift, the blizzard persists, the icy apocalypse is imminent, food! Temperature! Violence! Dependence! In this dilemma, under the distortion of human nature, has desire given birth to monsters? How to break out of adversity and find"]},{"title":"I will try to seduce the male lead for my brother","tags":["Drama","Fantasy","Manhwa","Romance","Webtoons"],"disc":["Read manhwa I will try to seduce the male lead for my brother / Raffine’s Plan: Save My Favorite Character / 오빠를 위해 남주를 꼬셔 보겠습니다 / I Will Seduce The Male Lead For My Older Brother"]},{"title":"Starting from Level 1: I’ll Defeat All Reincarnated Monsters in My Secret Dungeon","tags":["Action","Adventure","Fantasy"],"disc":["Read manga Starting from Level 1: I’ll Defeat All Reincarnated Monsters in My Secret Dungeon","Shinobu Iijima, who lost his life along with his sister in a sudden disaster, finds himself reincarnated into the world of *La Vita Online*, a game he used to play as a hobby. And what’s more, he’s at Level 1… Learning that his sister has also been reincarnated into this world, Shinobu begins a grueling leveling journey to gain the strength needed to compete with max-level players."]},{"title":"The Oddball Lady’s Fiancé","tags":["Adaptation","Manhwa","Romance","Webtoons"],"disc":["Read manhwa The Oddball Lady’s Fiancé /  괴짜영애님의 약혼자","Zany alchemist Rebecca O’Klein is far from a typical noble lady. At 24, she is still unmarried and spends her days cooped up at the workshop practicing her craft rather than attending lavish balls. Unfortunately, her eccentric lifestyle is jeopardized by her family pressuring her to quit her profession and finally find herself a husband. But who would want to marry “The Oddball Lady of High Society”? Enter Carlyle Rowinster, a duke who’s also reluctant to settle down. He suggests Rebecca enter a contract engagement with him, and in exchange, he’ll help her become the greatest alchemist ever!"," "]},{"title":"Please Don’t Come To The Villainess’ Stationery Store!","tags":["Drama","Fantasy","Harem","Historical","Manhwa","Romance","Webtoons"],"disc":["Read manhwa Please Don’t Come To The Villainess’ Stationery Store! / The Villainess’s Stationary Shop / Please Don’t Come to the Villainess’ Stationery Shop! / Please Don’t Come to the Villainess’ Stationery! /악녀의 문구점에 오지 마세요!","“A useless thing like you has no value in our family. Take this money and leave immediately!”","“Yes! Goodbye!”","She became the incompetent villainess who commits wrongdoings in order to earn the love of her fiance, the male lead.","Her reputation was already at rock bottom and the main characters, who can’t live without each other, are having an affair.","“Getting kicked out and receiving money is good enough!”","So after she was kicked out, she set up a stationery store in front of a school. She reminisces of snacks, beer candy, and even bubbles! Just you wait, kids!","But… somehow her young customers are a little weird?","“I’ll find you a handsome and modest man, and not someone who has an affair like my brother!”","“Ha, then what about my brother, the crown prince?”","“…the tower master is the best.”","The great magic swordsman, the next crown prince, the villainous tower master, and finally, the hidden villain.","The stationery store, which she thought would be peaceful, left her with no rest.","Help me! I just wanted to live a normal life!"]},{"title":"Demon King","tags":["Action","Adventure"],"disc":["Read manhwa Demon King","The great orthodox-unorthodox war that divided the world of martial artists ended with the victory of the demonic cult. Despite the domination of the demonic cult, the successor of the demonic cult was assassinated as a part of a great scheme, and the brother of the successor returned from the shadows to get revenge. The eldest son of the demonic cult, Hyuk Ryeonhwi, is a survivor of the Purple Cloud Island, a place also known as the land of the dead. He infiltrates the top training facility in the demonic cult in order to get to the bottom of the scheme and ends up meeting a secret master martial artist of the orthodox faction, Bi Seol. The two help each other out and develop special feelings in the process… Thus begins the domination of Hyuk Ryeonhwi, who will eventually come to be called the demon king."]},{"title":"I Raised Him Modestly, But He Came Back Obsessed With Me","tags":["Drama","Fantasy","Historical","Manhwa","Romance","Webtoons"],"disc":["Read manhwa I Raised Him Modestly, But He Came Back Obsessed With Me / I Raised A Boy Kindly But He Returned As An Obsessive Man / 조신하게 키웠더니 집착남 되어 돌아왔다"]},{"title":"The Villainess Lives Twice","tags":["Fantasy","Manhwa","Romance","Webtoons"],"disc":["Read manhwa The Villainess Lives Twice / The Villainess Lives Again / The Villianess lives twice / 악녀는 두 번 산다\nA scheming genius, making an emperor! “You’re brother has to do well, for you to also do well.” By committing all sorts of evil acts, she made her brother the emperor. But in return for her devotion, Artizea got betrayed. And the one that reaches out his hand to save her from the verge of death is her righteous enemy, grand duke Cedrick. “Come up with a plan.” “…..” “I can’t think of anyone else that can flip this situation around except you. Marchioness Rosan.” “….” “I need your strength.”"]},{"title":"Reincarnation of a Martial Prodigy","tags":["Action","Fantasy","Historical","Martial Arts","Shounen"],"disc":["Read Reincarnation of a Martial Prodigy, A Warrior’s Reincarnation, Reincarnation of a Martial Artist, Unmanned Reincarnation, Warrior Reincarnation, 武人還生, 무인환생","He had gone through tens, hundreds of reincarnations. From being the Ultimate Martial Emperor to conquering everything under the heavens, he had accomplished it all. All he wanted now was to finally rest, but the darn cycle of reincarnation just wouldn’t end!\nIn his latest reincarnation, he found himself as ‘Seok Jin-ho’, the youngest son of the Seok family – the most prominent merchant clan in the Central Plains.\nBorn into a wealthy family, he thought about leading a simple and carefree life, but the will remaining in his body conveys a final wish.\nIt crave to prove itself!\n“Very well, I will fulfill your wish. But in my own way!”"]},{"title":"How to Live as a Villain","tags":["Action","Adventure","Fantasy","Isekai","Mystery","Psychological","Supernatural","Tragedy"],"disc":["Read manhwa How to Live as a Villain","“You have been chosen as a player in the great game to select the next god’s successor, the Mission! Congratulations!”\nSeonghoon has suddenly fallen into another world to participate in a game to become a god. This other world that is akin to that of a game contains players who cooperate and also kill each other in cold blood…!!\nSeonghoon, a person without an ounce of talent, uses wicked and crude tricks to become an all-powerful player!"]},{"title":"I Became a Sales Prodigy","tags":["Comedy","Drama","Fantasy","Manhwa"],"disc":["Read manhwa I Became a Sales Prodigy / I Became a Genius in Sales / Became a Sales Genius / I Became a Sales Genius / 영업 천재가 되었다","The Summary is I chose to do what I could to immediately pay off my debt, and for me, that was sales. And I was given another chance at it."]},{"title":"I Will Raise My Child As Another Man’s","tags":["Drama","Fantasy","Manhwa","Romance","Webtoons"],"disc":["Read manhwa I Will Raise My Child As Another Man’s / I Will Raise My Child As Another Man’s Child / I Will Raise My Kin as Another Man’s Child / 다른 남자 아이로 키우겠어","Princess Hinael Plake of the Salur Kingdom. She was murdered by her husband while heavily pregnant. Just when I thought my life had ended… I opened my eyes and found myself back two years before my wedding. ‘This time, I won’t believe in things like love.’ To avoid facing another unfortunate future, I decided to change my fate and choose another man. The one they call the War Hero of Trikas, who is destined to become the Emperor of Trikas, Lutz Viant. “I will bear your child. Please protect the child I give birth to as your heir.” This time, I will definitely protect my child, the one I have with another man."]},{"title":"Triplets: Mr Li’s Sweetheart","tags":["Comedy","Drama","Office Workers","Reverse","Romance","Slice of Life"],"disc":["Read Triplets: Mr Li’s Sweetheart (Official) / Getting to Know My Babe / Li’s Darling Wife / Longfeng Sanbao: Li Ye De Xin Jian Qi / 我が子の父親と再会しました / 龙凤三宝:厉爷的心尖妻 / 龙凤三宝：厉爷的心尖妻","After being framed and getting pregnant, she was kicked out of her own home by her evil stepmother and half-sister. Years later, she returns to take back what’s rightfully hers. And she isn’t alone. Her allies are her genius twin children, and a cute kid whose life she saved. What’s more, the kid’s father happens to be a handsome CEO who married her stepsister…"," "]},{"title":"The Maknae Has to Be an Idol","tags":["Action","Adventure","Fantasy"],"disc":["Read manhwa The Maknae Has to Be an Idol  / 막내는 아이돌이 되어야 한다","“I’m going to leave the debut group” Our future is hopeless. I tried to withdraw from the debut group for the sake of the other members, however… [One of the members will die if you leave the debut group.] “… Damn it” This is the story of the maknae Bong Taeyoon, struggling to keep his group members alive…"]},{"title":"Happiness of the the Holy Maiden’s Fresh Start","tags":["Drama","Fantasy","Manga","Romance"],"disc":["Read manga Happiness of the the Holy Maiden’s Fresh Start / Yarinaoshi Seijo no Koufukuron","Seyra, a saintess with powerful healing abilities, was betrayed by her sister and fiancé, falsely condemned as a witch who murdered a duke, and met a tragic end at the guillotine. However, she finds herself returned to seven years earlier, before her engagement! Determined not to repeat her previous life of being exploited and living as a foolish puppet, Seyra vows to protect the duke, who was dragged into her fate and killed. Concealing her powers as a saint while using her knowledge from before her regression, Seyra fights to change her cruel destiny!"]}]