[{"title":"I Obtained a Mythic Item","tags":["Action","Adventure","Fantasy","Manhwa"],"disc":["Read manhwa I Obtained a Mythic Item","Yggdrasil, the World Tree of Norse Mythology, suddenly appeared on Earth. And with it came demonic creatures that ravaged entire cities.","Although not all hope is lost, due to the System that a few special humans had gained.","In this new world where only the strong survived, Min JaeHyun scrapes by regretting the wrong choices he’d made in the past… when one day, he gains the only Mythic item in the world.","How will this item help him? And can he change his wretched fate?"]},{"title":"Muscle joseon","tags":["Adaptation","Adventure","Comedy","Fantasy","Historical","Manhwa","Reincarnation"],"disc":["Read manhwa Muscle joseon / Joseon musculaire / Muscle Building / Muscle Chosun / Músculo Joseon / Otot Joseon / Наращивание мышц в Чосоне / العضلات جوسو / マッスル朝鮮 / 筋肉朝鮮 / 肌肉朝鲜 /근육 조선","“Huh?! Kyaaaaak!!! W-Why did I suddenly become an anchovy?!!!” He majors in food and nutrition and has a first-class certificate as a daily sports instructor, the epitome of being a fitness enthusiast, Choi Young-jik! Well, that was who he used to be… Waking up in the body of Prince Soo-yang, the second son of King Se-jong the Great, he lost all of his bulging muscles overnight. Young-jik was taken aback when he realized he might be able to meet King Se-jong, his father. He couldn’t contain his excitement at the thought of meeting the magnificent King Se-jong, whether or not it was a dream or reality. H-Huh? King Se-jong… the Great😕 There sits in front of him, a chubby man who looks like he’s struggling to breath. King Se-jong the Great appears to be severely obese and possibly diabetic… Government officials had chronic illnesses and frail bodies… Choi Young-jik, a seasoned fitness trainer with 15 years under his belt- holding the pride of the fitness community- begins to feel a fire ignite inside him. “Alright, shall I try spreading the fitness craze in Joseon?!”"]},{"title":"We Lost Our Engagement","tags":["Drama","Fantasy","Manhwa","Romance","Webtoons"],"disc":["Read manhwa We Lost Our Engagement / 私たちは婚約を失った / 우리는 약혼을 잃었다","April was betrothed to Rocklan, the second prince of the Kingdom of Luten. When they turned 16, the kingdom went to war with a neighboring country.","“I want to keep something close that reminds me of the person I like,” April said.","Before heading to the battlefield, Rocklan took April’s ribbon. Two years later, April heard the news of Rocklan’s death.","As she mourned, Dominic, Rocklan’s twin brother who had survived the war, appeared before her. Meeting Dominic, April began to suspect that he might actually be Rocklan …"]},{"title":"I Don’t Need The Obsession of The Tyrant","tags":["Drama","Fantasy","Manhwa","Romance","Shoujo","Webtoons"],"disc":["Read manhwa I Don’t Need The Obsession of The Tyrant / 폭군 서브남주의 집착은 필요 없습니다","I’ve transmigrated into a novel where the emperor, the second male lead, goes mad with war after losing the female lead. And I’ve become an extra princess of a country destined to be destroyed in the chaos.","To survive and protect my beloved father and people, I planned to have an heir to inherit the powers of the merfolk… But the man I spent the night with turned out to be that crazy emperor.","He pretended to be gentle, but became even more obsessed, treating me like an expectant mother? Where did he get the confidence to think I’d be pregnant after just one night?! Please, just set me free!"]},{"title":"Steal My King Back","tags":["Historical","Romance"],"disc":["Read Steal My King Back","In an attempt to change her poor life and save her family members, a girl from a ghetto, also known as the thief master, tries to steal a national treasure, the Pearl of Origin. However, she is accidentally shot by an arrow. After she wakes up, she witnesses a live “porno show”! And more, she enteres a stranger’s body? What has happened to her? Has she… time travelled?"]},{"title":"Angel of the Golden Aura","tags":["Drama","Fantasy","Manga","MANGA","Manhwa","Romance"],"disc":["Read manga Angel of the Golden Aura / 見返りは求めていなかった","Every noble can manifest a colored “aura”… or should be able to. Despite her noble birth, Reiju was “colorless,” devoid of an aura, and her family used this as justification for their violent abuse. One day, pushed to the brink of death, Reiju awakens with the ability to leave her physical body and travel freely. Moreover, during these astral projections, she can manifest a golden aura – the same color as that of the world’s Creator. But that’s not the end of it. Her golden aura holds a secret power: it can heal people."]},{"title":"Even If It Goes Up In Smoke","tags":["Action","Drama","Fantasy"],"disc":["Read manhwa Even If It Goes Up In Smoke / 그렇게 물거품이 되어도","Mia, who lost her fin and became a human due to falling inlove with a human, sets out on a journey to find a way to turn back into a mermaid. Then one day, Mia encounters mermaids who have turned into monsters."]},{"title":"My Childhood Friend Is a BL Novel Protagonist","tags":["Drama","Fantasy","Manhwa","Romance","Webtoons"],"disc":["Read manhwa My Childhood Friend Is a BL Novel Protagonist / 소꿉친구는 BL소설 주인공","I was fascinated by the 19+ BL novel <The Lily of Debran> which I really enjoyed reading! It’s also main character Aiden’s childhood friend, Sophia! Just like going to Gangnam with a friend, I followed the main character and entered Devran Academy. Just like in the original, Young & Rich, Tall & Handsome balls start appearing one by one. It’s fun, but… …They’re gay after all! You probably aren’t interested in me, right? Of course I’m not interested either. Have a nice date, guys! I will have fun at school with my friends! However… … . “Sophia Serin! “Let’s compete!” “Senior Serin, hello.” “It looks confused. “I helped, right?” “Come here, Poppy. hand.” A former gangster, a passionate prosecutor, a magical genius student council president, musician twins, a prince pretending to be a commoner, etc. You are all fish in the bag. Aiden’s fishery! Why are you interested in me and not my childhood friend? “Because I don’t want to share you with anyone else.” Even the main character’s childhood friend acts differently from the novel?! Why do people do this?"]},{"title":"The secrets of the lovely duchess","tags":["Drama","Fantasy","Historical","Manhwa","Romance","Webtoons"],"disc":["Read manhwa The secrets of the lovely duchess / 사랑스러운 공작 부인의 비밀","Luclia is a girl who was trapped in the demon archduke’s dungeon for seven years and saw ghosts. One day the prison wall collapsed and a man came. “Wow! are you a prince?” “Sorry, I’m just a duke.” Davier, Duke of the House of Montenfeltro. Sure enough, with his temperamental and violent personality, he would take Luclia, an unknown girl, as his princess?! “Duke, I wonder why you brought her here…” Luclia, who has just entered the word with the mysterious Duke Davier. Can two people understand each other and still be happy?"]},{"title":"How to Prey on the Master","tags":["Drama","Fantasy","Manhwa","Romance","Webtoons"],"disc":["Read manhwa How to Prey on the Master / How to Prey on Your Master / 주인님을 잡아먹는 방법 on manhwaclan\nEl Louise Therese was the most outstanding knight of the Raun Empire. At a party, she witnessed the affair of her fiance and called off their engagement. El, who’s in deep sorrow due to the shock, lost consciousness and collapsed. And the next morning, Elle faced an unexpected person. It’s Theodore, who’s famous for his crazy dog nickname! But somehow, Theodore was too polite in front of her?!"]},{"title":"Radia","tags":["Drama","Fantasy","Magic","Manhwa","Reincarnation","Romance","Supernatural"],"disc":["Read manhwa Radia","Radia’s quest for revenge against her treacherous friend takes an unexpected turn when she is saved from a near-death experience by Yulius, a mysteriously powerful man. The twist? Yulius is a ghost, visible only to Radia. As he becomes Radia’s constant companion, Radia is embroiled in a web of supernatural mishaps that reveal just how potent Yulius really is. And although even Yulius doesn’t know his true identity yet, his near-omnipotence might be the key to Radia exacting her revenge. However, this power might also conceal a lurking danger that threatens to reshape their quest in unexpected and perilous ways…"]},{"title":"The Duchess’s Secret Dressing Room","tags":["Fantasy","Manhwa","Romance","Webtoons"],"disc":["Read manhwa The Duchess’s Secret Dressing Room / 공작 부인의 비밀 의상실","How much money must I spend for you to divorce me!?","Rubika dies in a war without being able to confess her love for Arman but is instead sent back in time.","A new life, she will not live in vain.","But what are these new obstacles?","Secret Wardrobe Of The Duchess"]},{"title":"Oh! My Darling","tags":["Fantasy","Historical","Manhwa","Romance"],"disc":["Read manhwa Oh! My Darling / Oh! My Husband-nim / Oh! 마이 서방님 / Oh! My Hubby","Dohwa, is the best gisaeng in Hanyang. However, she abandons her life as a gisaeng and tries to run away at night with the man she loves, but she is betrayed! Dohwa, who was killed by her lover’s hands, falls into the cold water…","When she opens her eyes, she became a different person?!","She is now the lady of a noble family!\nShe wants to be loved by her handsome husband and be a couple that is different from the rumors!"," "]},{"title":"Secretary Deviance","tags":["Drama","Romance","Slice of Life"],"disc":["Read manhwa Secretary Cho/Secretary Deviation/ 비서 일탈","“Will this relationship change if we kiss?” Lee Seung-jo, the eldest son of the Jaekyung group, who is said to be the cornerstone of the royal family, and Cho Yi-yeon, who works as Seungjo’s secretary while hiding his unrequited love for her. And at the same time, Lee Moon-jo, the illegitimate son of Jaekyung’s group, always wants him to win everything. At a certain moment, Lee Yeon’s troubles started between Seungjo, who kept courting Lee Yeon, and Munjo, who wanted Lee Yeon as usual… ! The breathtaking romance between the perfect reincarnated master Seungjo and Munjo’s openly illegitimate illegitimate son, and secretary Lee Yeon who becomes dangerously entangled with both."," "]},{"title":"The Way of A Flowery Sword","tags":["Drama","Fantasy","Manhwa","Romance"],"disc":["Read manhwa The Way of A Flowery Sword","Viola Winchester, a lady who chose to become captain of the royal knights of the Anslan kingdom. However, she was accused of running away during the war against the dragon, which cost her noble title and also her position as captain of the royal knights. Feeling unfair, Viola looked for a way to restore her position. Until one day a respected Marquess in the kingdom named Johan Quentin came to help and asked for cooperation by… getting married?!"]},{"title":"Invincible After a Hundred Years of Seclusion","tags":["Action","Adaptation","Adventure","Fantasy","Isekai","Martial Arts"],"disc":["Read Invincible After a Hundred Years of Seclusion / I Stayed at Home for a Century, When I Emerged I Was Invincible / I’ve Been Home for a Hundred Years and I’m Invincible When I Go Out / Wǒ Zhái Liǎo Bǎinián Chūmén Yǐ Wúdí / 我宅了百年出门已无敌","He clearly transmigrated into the body of the young master of a powerful aristocratic family in the fantasy world, but was sent out of his ancestral home and made to live in a remote courtyard!? But Chu Xuan doesn’t care at all, because he has a system that will help him get stronger! As long as he stay at home long enough, he can become strong! Ding~ Stayed at home for a day, reward- Indestructible Body Technique… Ding~ Stayed at home for a year, reward- Yuxu Celestial Scripture and 100 years of cultivation… Ding~ Stayed at home for ten years,… Since no one wants me to go out, I, Chu Xuan, I’m going to stay at home!"]},{"title":"On Bamboo Horseback Came the Lad","tags":["Drama","Romance"],"disc":["Read On Bamboo Horseback Came the Lad","[Hard-tongued and soft-hearted, first assistant attacker"]},{"title":"I Became the Master of the Devil","tags":["Bloody","Drama","Fantasy","Isekai","Manhwa","Mystery","Romance","Royal family"],"disc":["Read manhwa I Became the Master of the Devil / I Became the Devil’s Master / 악마의 주인님이 되어버렸다","“Give me the strongest Norma.” She became a villain who blackened the male lead in a devastated novel. Having already regressed nth times, she decided. She would save the male lead trapped in the bas**ent and escape. Finally, his identity was revealed and a happy ending was just around the corner. What do you mean abuse? She fed and dressed him herself, so she only had to run away. “If you throw me away like this…” Redian, who became the crown prince, held her hand tightly. “I’m going to chase you to hell, master.” The male lead seemed to be too immersed."]},{"title":"Find the Runaway Princess","tags":["Drama","Fantasy","Manhwa","Romance","Webtoons"],"disc":["Read manhwa Find the Runaway Princess / 도망간 왕녀를 찾습니다","The two heirs of a country have a rivalry,\nElysia and Rakan\nThey met as seniors and juniors at Neutral National Academy.","After a bad first meeting, the two fall in love…","“Ellie. If you wanted to run away from me, you should have hidden until the end.”\n“If you want to kill, kill.”\n“No, somehow I will keep you alive and by my side for as long as I want.”","The relationship between the two changes…"]},{"title":"There’s No Hope for Winter","tags":["Adaptation","Drama","Fantasy","Manhwa","Romance","Shoujo","Slice of Life"],"disc":["Read manhwa There’s No Hope for Winter / Midwinter Has No Answer / そのプロポーズは違法です！ / 한겨울은 답이 없다"," "," "]}]